<?xml version="1.0"?>
<doc>
    <assembly>
        <name>FasterWPFExtras</name>
    </assembly>
    <members>
        <member name="M:FasterWPFExtras.CommonExtExtras.GetTextFromFixedLengthMaskedTextBox``1(System.Windows.Controls.Border,System.Int32,System.Int32)">
            <summary>
            Get the Text from a Fixed Length Masked TextBox (including both values and literals), e.g. (999) 999-9999
            </summary>
            <typeparam name="T"></typeparam>
            <param name="source"></param>
            <param name="row"></param>
            <param name="column"></param>
            <returns></returns>
        </member>
        <member name="M:FasterWPFExtras.CommonExtExtras.GetValueFromNumericTextBox``1(System.Windows.Controls.Border,System.Int32,System.Int32)">
            <summary>
            Get the Value from a Numeric TextBox as a Nullable Decimal
            </summary>
            <typeparam name="T"></typeparam>
            <param name="source"></param>
            <param name="row"></param>
            <param name="column"></param>
            <returns></returns>
        </member>
        <member name="M:FasterWPFExtras.CommonExtExtras.AddNumericTextBox``1(FasterWPF.InnerChain{``0},System.Int32,System.Int32,System.Double,System.Double,System.Decimal,System.Decimal,System.Decimal,System.Decimal,System.String,System.Boolean)">
            <summary>
            Add Numeric TextBox to Composite chain. Format string options include: C-Currency, F-Fixed Point, G-General, N-Number, P-Percent
            </summary>
            <typeparam name="T"></typeparam>
            <param name="chain"></param>
            <param name="row"></param>
            <param name="col"></param>
            <param name="width"></param>
            <param name="height"></param>
            <param name="value"></param>
            <param name="max"></param>
            <param name="min"></param>
            <param name="increment"></param>
            <param name="formatString"></param>
            <param name="selectAllOnGotFocus"></param>
            <returns></returns>
        </member>
        <member name="M:FasterWPFExtras.CommonExtExtras.AddFixedLengthMaskedTextBox``1(FasterWPF.InnerChain{``0},System.Int32,System.Int32,System.String,System.String,System.Boolean,System.Boolean)">
            <summary>
            Add Fixed Length TextBox to Composite chain. Ideal for things like Phone Number or Social Security Number. For currency, see AddNumericTextBox
            </summary>
            <typeparam name="T"></typeparam>
            <param name="chain"></param>
            <param name="row"></param>
            <param name="col"></param>
            <param name="newText"></param>
            <param name="mask"></param>
            <param name="hidePromptOnLeave"></param>
            <param name="selectAllOnGotFocus"></param>
            <returns></returns>
        </member>
    </members>
</doc>
