<?xml version="1.0"?>
<doc>
    <assembly>
        <name>FasterWPFDemo</name>
    </assembly>
    <members>
        <member name="T:FasterWPF.App">
            <summary>
            Interaction logic for App.xaml
            </summary>
            <summary>
            App
            </summary>
        </member>
        <member name="M:FasterWPF.App.Main">
            <summary>
            Application Entry Point.
            </summary>
        </member>
        <member name="M:FasterWPFDemo.TabControlService.CreateTabItem10(System.String,System.Windows.Media.Brush,System.Windows.Media.Brush,System.Windows.Media.Brush,System.Windows.Media.Brush,System.Windows.Media.Brush,System.String,System.Windows.Controls.TabControl,System.String,System.String,System.String,System.String,System.String,System.String,System.String,System.String)">
            <summary>
             Create TabItem 10, Allowing Setting Custom Highlight and Border Colors
            </summary>
            <param name="tabName"></param>
            <param name="backgroundColor"></param>
            <param name="tabLabelBackground"></param>
            <param name="foreground"></param>
            <param name="colorOfTheX"></param>
            <param name="tabItemUnderlineColor"></param>
            <param name="tabguid9"></param>
            <param name="tabCtl"></param>
            <param name="userCtlGuid10"></param>
            <param name="tabBorderBrush"></param>
            <param name="tabBackgroundColor"></param>
            <param name="tabMouseOverBorderBrush"></param>
            <param name="tabMouseOverColor"></param>
            <param name="tabItemSelectedBackground"></param>
            <param name="tabItemDisabledBackground"></param>
            <param name="tabItemDisabledBorderBrush"></param>
            <returns></returns>
        </member>
        <member name="T:FasterWPFDemo.Properties.Resources">
            <summary>
              A strongly-typed resource class, for looking up localized strings, etc.
            </summary>
        </member>
        <member name="P:FasterWPFDemo.Properties.Resources.ResourceManager">
            <summary>
              Returns the cached ResourceManager instance used by this class.
            </summary>
        </member>
        <member name="P:FasterWPFDemo.Properties.Resources.Culture">
            <summary>
              Overrides the current thread's CurrentUICulture property for all
              resource lookups using this strongly typed resource class.
            </summary>
        </member>
    </members>
</doc>
